feature,bin,good,bad,bad_rate,woe,points
utilization,"(-inf, 0.0197]",122.0,20.0,0.14084507042253522,0.41750934774159715,67
utilization,"(0.0197, 0.123]",129.0,13.0,0.09154929577464789,0.8908143995963866,77
utilization,"(0.123, 0.379]",115.0,26.0,0.18439716312056736,0.10194900087084972,61
utilization,"(0.379, 0.734]",119.0,23.0,0.1619718309859155,0.2561391541226302,64
utilization,"(0.734, inf]",100.0,42.0,0.29577464788732394,-0.5095231445300626,48
utilization,MISSING,89.0,45.0,0.3358208955223881,-0.693650496774917,44
fea_4,"(-inf, 67000.0]",110.0,63.0,0.36416184971098264,-0.8183735659456867,42
fea_4,"(67000.0, 91000.0]",132.0,35.0,0.20958083832335328,-0.05529923205994125,57
fea_4,"(91000.0, 115000.0]",144.0,26.0,0.15294117647058825,0.3237855935554621,65
fea_4,"(115000.0, 149000.0]",142.0,23.0,0.1393939393939394,0.42999239755374385,67
fea_4,"(149000.0, inf]",146.0,22.0,0.13095238095238096,0.5011609382418994,68
limit_sum,"(-inf, 27500.0]",118.0,55.0,0.3179190751445087,-0.613819241182051,56
limit_sum,"(27500.0, 80300.0]",125.0,40.0,0.24242424242424243,-0.24134539654550305,57
limit_sum,"(80300.0, 121000.0]",138.0,33.0,0.19298245614035087,0.046975705791524505,59
limit_sum,"(121000.0, 225500.0]",142.0,24.0,0.14457831325301204,0.3883197011531759,60
limit_sum,"(225500.0, inf]",151.0,17.0,0.10119047619047619,0.7860355630151072,62
share_no_limit,"(-inf, 0.5]",168.0,28.0,0.14285714285714285,0.40468248151296354,59
share_no_limit,"(0.5, 0.667]",146.0,27.0,0.15606936416184972,0.3004902427797483,59
share_no_limit,"(0.667, 0.8]",146.0,39.0,0.21081081081081082,-0.061624424454802394,59
share_no_limit,"(0.8, 0.909]",103.0,24.0,0.1889763779527559,0.06854931414989442,59
share_no_limit,"(0.909, inf]",111.0,51.0,0.3148148148148148,-0.599906397774365,58
pay_normal_mean,"(-inf, 8.686]",121.0,48.0,0.28402366863905326,-0.4539987161676825,52
pay_normal_mean,"(8.686, 12.324]",126.0,42.0,0.25,-0.2816109487676444,54
pay_normal_mean,"(12.324, 15.333]",150.0,25.0,0.14285714285714285,0.40293545101970185,65
pay_normal_mean,"(15.333, 19.176]",134.0,28.0,0.1728395061728395,0.17931093076244078,61
pay_normal_mean,"(19.176, inf]",143.0,26.0,0.15384615384615385,0.3168411212026512,63
pay_normal_sum,"(-inf, 31.0]",121.0,51.0,0.29651162790697677,-0.5140167258939354,56
pay_normal_sum,"(31.0, 57.8]",133.0,32.0,0.19393939393939394,0.040512207499764204,59
pay_normal_sum,"(57.8, 95.0]",142.0,29.0,0.1695906432748538,0.20260255535808286,59
pay_normal_sum,"(95.0, 152.0]",134.0,33.0,0.19760479041916168,0.017669579206025014,59
pay_normal_sum,"(152.0, inf]",144.0,24.0,0.14285714285714285,0.4022572089969574,60
credit_history_days,"(-inf, 1031.8]",121.0,48.0,0.28402366863905326,-0.4539987161676825,53
credit_history_days,"(1031.8, 1542.8]",143.0,25.0,0.1488095238095238,0.35530740203044736,63
credit_history_days,"(1542.8, 2332.6]",139.0,30.0,0.17751479289940827,0.14798873664320625,60
credit_history_days,"(2332.6, 3634.8]",132.0,36.0,0.21428571428571427,-0.08307879616701705,57
credit_history_days,"(3634.8, inf]",139.0,30.0,0.17751479289940827,0.14798873664320625,60
on_time_ratio,"(-inf, 0.966]",121.0,48.0,0.28402366863905326,-0.4605637889851025,44
on_time_ratio,"(0.966, inf]",553.0,121.0,0.1795252225519288,0.1374332355458203,63
fea_6,"(-inf, 8.0]",256.0,46.0,0.152317880794702,0.3309584913408316,66
fea_6,"(8.0, 11.0]",258.0,82.0,0.2411764705882353,-0.2346204600688335,54
fea_6,"(11.0, inf]",160.0,41.0,0.20398009950248755,-0.024117345343264193,58
