feature,mean_abs_shap,chiều_tác_động
fea_4,0.5254507213771314,-0.8769299325370019
utilization,0.4648506877213506,0.901640534295655
pay_normal_sum,0.3177230003504683,-0.663155101185182
highest_balance_max,0.3158405194205104,0.7481580767650426
recent_update_days,0.2818290558493296,-0.2991085696496615
limit_sum,0.24083445829460548,-0.9331053556880897
fea_8,0.2244272296331333,-0.8977591331719652
on_time_ratio,0.21459993743380543,-0.7388104334600168
fea_10,0.1943423389060562,0.3992432936576142
balance_to_highest,0.1857596708966282,0.38645610623555726
balance_max,0.175298003024707,0.11066197914158755
pay_normal_mean,0.1732831938325726,-0.42100721684284187
n_products,0.17308425900540236,-0.6379797128985565
share_no_limit,0.16804891355794555,0.3796366544986524
fea_1,0.16053896109625876,0.9155334757225344
balance_sum,0.14434060731738424,0.836613039289316
fea_2,0.14346229256534865,0.6268225506022533
credit_history_days,0.11740227227658773,0.7702102606363718
fea_11,0.11564443696135586,-0.1242497523708075
fea_3,0.10908352687663321,0.8801189121006641
share_products_ovd,0.09565368589839955,0.6596377558535799
fea_9,0.06836758953216732,0.30806800080076463
fea_6,0.06311598127055314,0.5225217273845812
ovd_days_max,0.056854859142427314,0.6206123336864032
ovd_total_cnt,0.027240399639116956,0.29873863373208115
ovd_t1_sum,0.025577884189833002,0.5111478321527722
ovd_days_sum,0.021601206245577206,0.4332757190045641
n_prod_types,0.019484464295958435,0.38354520045693896
ovd_t2_sum,0.01848745242461249,-0.6391147243193894
fea_7,0.018063131354213443,-0.1936373824875591
n_products_ovd,0.010043886310975211,0.40370999811161135
fea_5,0.0061937035991201025,0.464528454997521
ovd_t3_sum,0.005414882208298246,0.023358458418149198
ovd_t3_max,0.004631778678368419,0.3970448164718917
ever_ovd,0.0,
fea_2_missing,0.0,
